patient_id,doctor_id,visit_date,diagnosis,units_received
P001,D001,2024-01-10,Hypertension,20
P002,D002,2024-01-11,Migraine,30
P003,D003,2024-01-12,Eczema,15
P004,D004,2024-01-13,Cancer,25
P005,D005,2024-01-14,Fever,10
P006,D001,2024-01-15,Hypertension,20
P007,D002,2024-01-16,Stroke,40
P008,D003,2024-01-17,Psoriasis,10
P009,D004,2024-01-18,Lung Cancer,30
P010,D005,2024-01-19,Cold,5
P011,D001,2024-01-20,Heart Disease,25
P012,D002,2024-01-21,Seizure,35
P013,D003,2024-01-22,Acne,20
P014,D004,2024-01-23,Breast Cancer,20
P015,D005,2024-01-24,Flu,15
P016,D001,2024-01-25,Angina,18
P017,D002,2024-01-26,Vertigo,22
P018,D003,2024-01-27,Rash,18
P019,D004,2024-01-28,Leukemia,27
P020,D005,2024-01-29,Allergy,12
